1,string1
2,string2
3,string3
4,string4
5,string5
6,string6
7,string7
8,string8
9,string9
10,string10
11,string11
12,string12
13,string13
14,string14
15,string15
16,string16
17,string17
18,string18
19,string19
20,string20
21,string21
22,string22
23,string23
24,string24
25,string25
26,string26
27,string27
28,string28
29,string29
30,string30
31,string31
32,string32
33,string33
34,string34
35,string35
36,string36
37,string37
38,string38
39,string39
40,string40
41,string41
42,string42
43,string43
44,string44
45,string45
46,string46
47,string47
48,string48
49,string49
50,string50
51,string51
52,string52
53,string53
54,string54
55,string55
56,string56
57,string57
58,string58
59,string59
60,string60
61,string61
62,string62
63,string63
64,string64
65,string65
66,string66
67,string67
68,string68
69,string69
70,string70
71,string71
72,string72
73,string73
74,string74
75,string75
76,string76
77,string77
78,string78
79,string79
80,string80
81,string81
82,string82
83,string83
84,string84
85,string85
86,string86
87,string87
88,string88
89,string89
90,string90
91,string91
92,string92
93,string93
94,string94
95,string95
96,string96
97,string97
98,string98
99,string99
100,string100
101,string101
102,string102
103,string103
104,string104
105,string105
106,string106
107,string107
108,string108
109,string109
110,string110
111,string111
112,string112
113,string113
114,string114
115,string115
116,string116
117,string117
118,string118
119,string119
120,string120
121,string121
122,string122
123,string123
124,string124
125,string125
126,string126
127,string127
128,string128
129,string129
130,string130
131,string131
132,string132
133,string133
134,string134
135,string135
136,string136
137,string137
138,string138
139,string139
140,string140
141,string141
142,string142
143,string143
144,string144
145,string145
146,string146
147,string147
148,string148
149,string149
150,string150
151,string151
152,string152
153,string153
154,string154
155,string155
156,string156
157,string157
158,string158
159,string159
160,string160
161,string161
162,string162
163,string163
164,string164
165,string165
166,string166
167,string167
168,string168
169,string169
170,string170
171,string171
172,string172
173,string173
174,string174
175,string175
176,string176
177,string177
178,string178
179,string179
180,string180
181,string181
182,string182
183,string183
184,string184
185,string185
186,string186
187,string187
188,string188
189,string189
190,string190
191,string191
192,string192
193,string193
194,string194
195,string195
196,string196
197,string197
198,string198
199,string199
200,string200
201,string201
202,string202
203,string203
204,string204
205,string205
206,string206
207,string207
208,string208
209,string209
210,string210
211,string211
212,string212
213,string213
214,string214
215,string215
216,string216
217,string217
218,string218
219,string219
220,string220
221,string221
222,string222
223,string223
224,string224
225,string225
226,string226
227,string227
228,string228
229,string229
230,string230
231,string231
232,string232
233,string233
234,string234
235,string235
236,string236
237,string237
238,string238
239,string239
240,string240
241,string241
242,string242
243,string243
244,string244
245,string245
246,string246
247,string247
248,string248
249,string249
250,string250
251,string251
252,string252
253,string253
254,string254
255,string255
256,string256
257,string257
258,string258
259,string259
260,string260
261,string261
262,string262
263,string263
264,string264
265,string265
266,string266
267,string267
268,string268
269,string269
270,string270
271,string271
272,string272
273,string273
274,string274
275,string275
276,string276
277,string277
278,string278
279,string279
280,string280
281,string281
282,string282
283,string283
284,string284
285,string285
286,string286
287,string287
288,string288
289,string289
290,string290
291,string291
292,string292
293,string293
294,string294
295,string295
296,string296
297,string297
298,string298
299,string299
300,string300
301,string301
302,string302
303,string303
304,string304
305,string305
306,string306
307,string307
308,string308
309,string309
310,string310
311,string311
312,string312
313,string313
314,string314
315,string315
316,string316
317,string317
318,string318
319,string319
320,string320
321,string321
322,string322
323,string323
324,string324
325,string325
326,string326
327,string327
328,string328
329,string329
330,string330
331,string331
332,string332
333,string333
334,string334
335,string335
336,string336
337,string337
338,string338
339,string339
340,string340
341,string341
342,string342
343,string343
344,string344
345,string345
346,string346
347,string347
348,string348
349,string349
350,string350
351,string351
352,string352
353,string353
354,string354
355,string355
356,string356
357,string357
358,string358
359,string359
360,string360
361,string361
362,string362
363,string363
364,string364
365,string365
366,string366
367,string367
368,string368
369,string369
370,string370
371,string371
372,string372
373,string373
374,string374
375,string375
376,string376
377,string377
378,string378
379,string379
380,string380
381,string381
382,string382
383,string383
384,string384
385,string385
386,string386
387,string387
388,string388
389,string389
390,string390
391,string391
392,string392
393,string393
394,string394
395,string395
396,string396
397,string397
398,string398
399,string399
400,string400
401,string401
402,string402
403,string403
404,string404
405,string405
406,string406
407,string407
408,string408
409,string409
410,string410
411,string411
412,string412
413,string413
414,string414
415,string415
416,string416
417,string417
418,string418
419,string419
420,string420
421,string421
422,string422
423,string423
424,string424
425,string425
426,string426
427,string427
428,string428
429,string429
430,string430
431,string431
432,string432
433,string433
434,string434
435,string435
436,string436
437,string437
438,string438
439,string439
440,string440
441,string441
442,string442
443,string443
444,string444
445,string445
446,string446
447,string447
448,string448
449,string449
450,string450
451,string451
452,string452
453,string453
454,string454
455,string455
456,string456
457,string457
458,string458
459,string459
460,string460
461,string461
462,string462
463,string463
464,string464
465,string465
466,string466
467,string467
468,string468
469,string469
470,string470
471,string471
472,string472
473,string473
474,string474
475,string475
476,string476
477,string477
478,string478
479,string479
480,string480
481,string481
482,string482
483,string483
484,string484
485,string485
486,string486
487,string487
488,string488
489,string489
490,string490
491,string491
492,string492
493,string493
494,string494
495,string495
496,string496
497,string497
498,string498
499,string499
500,string500
501,string501
502,string502
503,string503
504,string504
505,string505
506,string506
507,string507
508,string508
509,string509
510,string510
511,string511
512,string512
513,string513
514,string514
515,string515
516,string516
517,string517
518,string518
519,string519
520,string520
521,string521
522,string522
523,string523
524,string524
525,string525
526,string526
527,string527
528,string528
529,string529
530,string530
531,string531
532,string532
533,string533
534,string534
535,string535
536,string536
537,string537
538,string538
539,string539
540,string540
541,string541
542,string542
543,string543
544,string544
545,string545
546,string546
547,string547
548,string548
549,string549
550,string550
551,string551
552,string552
553,string553
554,string554
555,string555
556,string556
557,string557
558,string558
559,string559
560,string560
561,string561
562,string562
563,string563
564,string564
565,string565
566,string566
567,string567
568,string568
569,string569
570,string570
571,string571
572,string572
573,string573
574,string574
575,string575
576,string576
577,string577
578,string578
579,string579
580,string580
581,string581
582,string582
583,string583
584,string584
585,string585
586,string586
587,string587
588,string588
589,string589
590,string590
591,string591
592,string592
593,string593
594,string594
595,string595
596,string596
597,string597
598,string598
599,string599
600,string600
601,string601
602,string602
603,string603
604,string604
605,string605
606,string606
607,string607
608,string608
609,string609
610,string610
611,string611
612,string612
613,string613
614,string614
615,string615
616,string616
617,string617
618,string618
619,string619
620,string620
621,string621
622,string622
623,string623
624,string624
625,string625
626,string626
627,string627
628,string628
629,string629
630,string630
631,string631
632,string632
633,string633
634,string634
635,string635
636,string636
637,string637
638,string638
639,string639
640,string640
641,string641
642,string642
643,string643
644,string644
645,string645
646,string646
647,string647
648,string648
649,string649
650,string650
651,string651
652,string652
653,string653
654,string654
655,string655
656,string656
657,string657
658,string658
659,string659
660,string660
661,string661
662,string662
663,string663
664,string664
665,string665
666,string666
667,string667
668,string668
669,string669
670,string670
671,string671
672,string672
673,string673
674,string674
675,string675
676,string676
677,string677
678,string678
679,string679
680,string680
681,string681
682,string682
683,string683
684,string684
685,string685
686,string686
687,string687
688,string688
689,string689
690,string690
691,string691
692,string692
693,string693
694,string694
695,string695
696,string696
697,string697
698,string698
699,string699
700,string700
701,string701
702,string702
703,string703
704,string704
705,string705
706,string706
707,string707
708,string708
709,string709
710,string710
711,string711
712,string712
713,string713
714,string714
715,string715
716,string716
717,string717
718,string718
719,string719
720,string720
721,string721
722,string722
723,string723
724,string724
725,string725
726,string726
727,string727
728,string728
729,string729
730,string730
731,string731
732,string732
733,string733
734,string734
735,string735
736,string736
737,string737
738,string738
739,string739
740,string740
741,string741
742,string742
743,string743
744,string744
745,string745
746,string746
747,string747
748,string748
749,string749
750,string750
751,string751
752,string752
753,string753
754,string754
755,string755
756,string756
757,string757
758,string758
759,string759
760,string760
761,string761
762,string762
763,string763
764,string764
765,string765
766,string766
767,string767
768,string768
769,string769
770,string770
771,string771
772,string772
773,string773
774,string774
775,string775
776,string776
777,string777
778,string778
779,string779
780,string780
781,string781
782,string782
783,string783
784,string784
785,string785
786,string786
787,string787
788,string788
789,string789
790,string790
791,string791
792,string792
793,string793
794,string794
795,string795
796,string796
797,string797
798,string798
799,string799
800,string800
801,string801
802,string802
803,string803
804,string804
805,string805
806,string806
807,string807
808,string808
809,string809
810,string810
811,string811
812,string812
813,string813
814,string814
815,string815
816,string816
817,string817
818,string818
819,string819
820,string820
821,string821
822,string822
823,string823
824,string824
825,string825
826,string826
827,string827
828,string828
829,string829
830,string830
831,string831
832,string832
833,string833
834,string834
835,string835
836,string836
837,string837
838,string838
839,string839
840,string840
841,string841
842,string842
843,string843
844,string844
845,string845
846,string846
847,string847
848,string848
849,string849
850,string850
851,string851
852,string852
853,string853
854,string854
855,string855
856,string856
857,string857
858,string858
859,string859
860,string860
861,string861
862,string862
863,string863
864,string864
865,string865
866,string866
867,string867
868,string868
869,string869
870,string870
871,string871
872,string872
873,string873
874,string874
875,string875
876,string876
877,string877
878,string878
879,string879
880,string880
881,string881
882,string882
883,string883
884,string884
885,string885
886,string886
887,string887
888,string888
889,string889
890,string890
891,string891
892,string892
893,string893
894,string894
895,string895
896,string896
897,string897
898,string898
899,string899
900,string900
901,string901
902,string902
903,string903
904,string904
905,string905
906,string906
907,string907
908,string908
909,string909
910,string910
911,string911
912,string912
913,string913
914,string914
915,string915
916,string916
917,string917
918,string918
919,string919
920,string920
921,string921
922,string922
923,string923
924,string924
925,string925
926,string926
927,string927
928,string928
929,string929
930,string930
931,string931
932,string932
933,string933
934,string934
935,string935
936,string936
937,string937
938,string938
939,string939
940,string940
941,string941
942,string942
943,string943
944,string944
945,string945
946,string946
947,string947
948,string948
949,string949
950,string950
951,string951
952,string952
953,string953
954,string954
955,string955
956,string956
957,string957
958,string958
959,string959
960,string960
961,string961
962,string962
963,string963
964,string964
965,string965
966,string966
967,string967
968,string968
969,string969
970,string970
971,string971
972,string972
973,string973
974,string974
975,string975
976,string976
977,string977
978,string978
979,string979
980,string980
981,string981
982,string982
983,string983
984,string984
985,string985
986,string986
987,string987
988,string988
989,string989
990,string990
991,string991
992,string992
993,string993
994,string994
995,string995
996,string996
997,string997
998,string998
999,string999
1000,string1000
1001,string1001
1002,string1002
1003,string1003
1004,string1004
1005,string1005
1006,string1006
1007,string1007
1008,string1008
1009,string1009
1010,string1010
1011,string1011
1012,string1012
1013,string1013
1014,string1014
1015,string1015
1016,string1016
1017,string1017
1018,string1018
1019,string1019
1020,string1020
1021,string1021
1022,string1022
1023,string1023
1024,string1024
1025,string1025
1026,string1026
1027,string1027
1028,string1028
1029,string1029
1030,string1030
1031,string1031
1032,string1032
1033,string1033
1034,string1034
1035,string1035
1036,string1036
1037,string1037
1038,string1038
1039,string1039
1040,string1040
1041,string1041
1042,string1042
1043,string1043
1044,string1044
1045,string1045
1046,string1046
1047,string1047
1048,string1048
1049,string1049
1050,string1050
1051,string1051
1052,string1052
1053,string1053
1054,string1054
1055,string1055
1056,string1056
1057,string1057
1058,string1058
1059,string1059
1060,string1060
1061,string1061
1062,string1062
1063,string1063
1064,string1064
1065,string1065
1066,string1066
1067,string1067
1068,string1068
1069,string1069
1070,string1070
1071,string1071
1072,string1072
1073,string1073
1074,string1074
1075,string1075
1076,string1076
1077,string1077
1078,string1078
1079,string1079
1080,string1080
1081,string1081
1082,string1082
1083,string1083
1084,string1084
1085,string1085
1086,string1086
1087,string1087
1088,string1088
1089,string1089
1090,string1090
1091,string1091
1092,string1092
1093,string1093
1094,string1094
1095,string1095
1096,string1096
1097,string1097
1098,string1098
1099,string1099
1100,string1100
1101,string1101
1102,string1102
1103,string1103
1104,string1104
1105,string1105
1106,string1106
1107,string1107
1108,string1108
1109,string1109
1110,string1110
1111,string1111
1112,string1112
1113,string1113
1114,string1114
1115,string1115
1116,string1116
1117,string1117
1118,string1118
1119,string1119
1120,string1120
1121,string1121
1122,string1122
1123,string1123
1124,string1124
1125,string1125
1126,string1126
1127,string1127
1128,string1128
1129,string1129
1130,string1130
1131,string1131
1132,string1132
1133,string1133
1134,string1134
1135,string1135
1136,string1136
1137,string1137
1138,string1138
1139,string1139
1140,string1140
1141,string1141
1142,string1142
1143,string1143
1144,string1144
1145,string1145
1146,string1146
1147,string1147
1148,string1148
1149,string1149
1150,string1150
1151,string1151
1152,string1152
1153,string1153
1154,string1154
1155,string1155
1156,string1156
1157,string1157
1158,string1158
1159,string1159
1160,string1160
1161,string1161
1162,string1162
1163,string1163
1164,string1164
1165,string1165
1166,string1166
1167,string1167
1168,string1168
1169,string1169
1170,string1170
1171,string1171
1172,string1172
1173,string1173
1174,string1174
1175,string1175
1176,string1176
1177,string1177
1178,string1178
1179,string1179
1180,string1180
1181,string1181
1182,string1182
1183,string1183
1184,string1184
1185,string1185
1186,string1186
1187,string1187
1188,string1188
1189,string1189
1190,string1190
1191,string1191
1192,string1192
1193,string1193
1194,string1194
1195,string1195
1196,string1196
1197,string1197
1198,string1198
1199,string1199
1200,string1200
1201,string1201
1202,string1202
1203,string1203
1204,string1204
1205,string1205
1206,string1206
1207,string1207
1208,string1208
1209,string1209
1210,string1210
1211,string1211
1212,string1212
1213,string1213
1214,string1214
1215,string1215
1216,string1216
1217,string1217
1218,string1218
1219,string1219
1220,string1220
1221,string1221
1222,string1222
1223,string1223
1224,string1224
1225,string1225
1226,string1226
1227,string1227
1228,string1228
1229,string1229
1230,string1230
1231,string1231
1232,string1232
1233,string1233
1234,string1234
1235,string1235
1236,string1236
1237,string1237
1238,string1238
1239,string1239
1240,string1240
1241,string1241
1242,string1242
1243,string1243
1244,string1244
1245,string1245
1246,string1246
1247,string1247
1248,string1248
1249,string1249
1250,string1250
1251,string1251
1252,string1252
1253,string1253
1254,string1254
1255,string1255
1256,string1256
1257,string1257
1258,string1258
1259,string1259
1260,string1260
1261,string1261
1262,string1262
1263,string1263
1264,string1264
1265,string1265
1266,string1266
1267,string1267
1268,string1268
1269,string1269
1270,string1270
1271,string1271
1272,string1272
1273,string1273
1274,string1274
1275,string1275
1276,string1276
1277,string1277
1278,string1278
1279,string1279
1280,string1280
1281,string1281
1282,string1282
1283,string1283
1284,string1284
1285,string1285
1286,string1286
1287,string1287
1288,string1288
1289,string1289
1290,string1290
1291,string1291
1292,string1292
1293,string1293
1294,string1294
1295,string1295
1296,string1296
1297,string1297
1298,string1298
1299,string1299
1300,string1300
1301,string1301
1302,string1302
1303,string1303
1304,string1304
1305,string1305
1306,string1306
1307,string1307
1308,string1308
1309,string1309
1310,string1310
1311,string1311
1312,string1312
1313,string1313
1314,string1314
1315,string1315
1316,string1316
1317,string1317
1318,string1318
1319,string1319
1320,string1320
1321,string1321
1322,string1322
1323,string1323
1324,string1324
1325,string1325
1326,string1326
1327,string1327
1328,string1328
1329,string1329
1330,string1330
1331,string1331
1332,string1332
1333,string1333
1334,string1334
1335,string1335
1336,string1336
1337,string1337
1338,string1338
1339,string1339
1340,string1340
1341,string1341
1342,string1342
1343,string1343
1344,string1344
1345,string1345
1346,string1346
1347,string1347
1348,string1348
1349,string1349
1350,string1350
1351,string1351
1352,string1352
1353,string1353
1354,string1354
1355,string1355
1356,string1356
1357,string1357
1358,string1358
1359,string1359
1360,string1360
1361,string1361
1362,string1362
1363,string1363
1364,string1364
1365,string1365
1366,string1366
1367,string1367
1368,string1368
1369,string1369
1370,string1370
1371,string1371
1372,string1372
1373,string1373
1374,string1374
1375,string1375
1376,string1376
1377,string1377
1378,string1378
1379,string1379
1380,string1380
1381,string1381
1382,string1382
1383,string1383
1384,string1384
1385,string1385
1386,string1386
1387,string1387
1388,string1388
1389,string1389
1390,string1390
1391,string1391
1392,string1392
1393,string1393
1394,string1394
1395,string1395
1396,string1396
1397,string1397
1398,string1398
1399,string1399
1400,string1400
1401,string1401
1402,string1402
1403,string1403
1404,string1404
1405,string1405
1406,string1406
1407,string1407
1408,string1408
1409,string1409
1410,string1410
1411,string1411
1412,string1412
1413,string1413
1414,string1414
1415,string1415
1416,string1416
1417,string1417
1418,string1418
1419,string1419
1420,string1420
1421,string1421
1422,string1422
1423,string1423
1424,string1424
1425,string1425
1426,string1426
1427,string1427
1428,string1428
1429,string1429
1430,string1430
1431,string1431
1432,string1432
1433,string1433
1434,string1434
1435,string1435
1436,string1436
1437,string1437
1438,string1438
1439,string1439
1440,string1440
1441,string1441
1442,string1442
1443,string1443
1444,string1444
1445,string1445
1446,string1446
1447,string1447
1448,string1448
1449,string1449
1450,string1450
1451,string1451
1452,string1452
1453,string1453
1454,string1454
1455,string1455
1456,string1456
1457,string1457
1458,string1458
1459,string1459
1460,string1460
1461,string1461
1462,string1462
1463,string1463
1464,string1464
1465,string1465
1466,string1466
1467,string1467
1468,string1468
1469,string1469
1470,string1470
1471,string1471
1472,string1472
1473,string1473
1474,string1474
1475,string1475
1476,string1476
1477,string1477
1478,string1478
1479,string1479
1480,string1480
1481,string1481
1482,string1482
1483,string1483
1484,string1484
1485,string1485
1486,string1486
1487,string1487
1488,string1488
1489,string1489
1490,string1490
1491,string1491
1492,string1492
1493,string1493
1494,string1494
1495,string1495
1496,string1496
1497,string1497
1498,string1498
1499,string1499
1500,string1500
1501,string1501
1502,string1502
1503,string1503
1504,string1504
1505,string1505
1506,string1506
1507,string1507
1508,string1508
1509,string1509
1510,string1510
1511,string1511
1512,string1512
1513,string1513
1514,string1514
1515,string1515
1516,string1516
1517,string1517
1518,string1518
1519,string1519
1520,string1520
1521,string1521
1522,string1522
1523,string1523
1524,string1524
1525,string1525
1526,string1526
1527,string1527
1528,string1528
1529,string1529
1530,string1530
1531,string1531
1532,string1532
1533,string1533
1534,string1534
1535,string1535
1536,string1536
1537,string1537
1538,string1538
1539,string1539
1540,string1540
1541,string1541
1542,string1542
1543,string1543
1544,string1544
1545,string1545
1546,string1546
1547,string1547
1548,string1548
1549,string1549
1550,string1550
1551,string1551
1552,string1552
1553,string1553
1554,string1554
1555,string1555
1556,string1556
1557,string1557
1558,string1558
1559,string1559
1560,string1560
1561,string1561
1562,string1562
1563,string1563
1564,string1564
1565,string1565
1566,string1566
1567,string1567
1568,string1568
1569,string1569
1570,string1570
1571,string1571
1572,string1572
1573,string1573
1574,string1574
1575,string1575
1576,string1576
1577,string1577
1578,string1578
1579,string1579
1580,string1580
1581,string1581
1582,string1582
1583,string1583
1584,string1584
1585,string1585
1586,string1586
1587,string1587
1588,string1588
1589,string1589
1590,string1590
1591,string1591
1592,string1592
1593,string1593
1594,string1594
1595,string1595
1596,string1596
1597,string1597
1598,string1598
1599,string1599
1600,string1600
1601,string1601
1602,string1602
1603,string1603
1604,string1604
1605,string1605
1606,string1606
1607,string1607
1608,string1608
1609,string1609
1610,string1610
1611,string1611
1612,string1612
1613,string1613
1614,string1614
1615,string1615
1616,string1616
1617,string1617
1618,string1618
1619,string1619
1620,string1620
1621,string1621
1622,string1622
1623,string1623
1624,string1624
1625,string1625
1626,string1626
1627,string1627
1628,string1628
1629,string1629
1630,string1630
1631,string1631
1632,string1632
1633,string1633
1634,string1634
1635,string1635
1636,string1636
1637,string1637
1638,string1638
1639,string1639
1640,string1640
1641,string1641
1642,string1642
1643,string1643
1644,string1644
1645,string1645
1646,string1646
1647,string1647
1648,string1648
1649,string1649
1650,string1650
1651,string1651
1652,string1652
1653,string1653
1654,string1654
1655,string1655
1656,string1656
1657,string1657
1658,string1658
1659,string1659
1660,string1660
1661,string1661
1662,string1662
1663,string1663
1664,string1664
1665,string1665
1666,string1666
1667,string1667
1668,string1668
1669,string1669
1670,string1670
1671,string1671
1672,string1672
1673,string1673
1674,string1674
1675,string1675
1676,string1676
1677,string1677
1678,string1678
1679,string1679
1680,string1680
1681,string1681
1682,string1682
1683,string1683
1684,string1684
1685,string1685
1686,string1686
1687,string1687
1688,string1688
1689,string1689
1690,string1690
1691,string1691
1692,string1692
1693,string1693
1694,string1694
1695,string1695
1696,string1696
1697,string1697
1698,string1698
1699,string1699
1700,string1700
1701,string1701
1702,string1702
1703,string1703
1704,string1704
1705,string1705
1706,string1706
1707,string1707
1708,string1708
1709,string1709
1710,string1710
1711,string1711
1712,string1712
1713,string1713
1714,string1714
1715,string1715
1716,string1716
1717,string1717
1718,string1718
1719,string1719
1720,string1720
1721,string1721
1722,string1722
1723,string1723
1724,string1724
1725,string1725
1726,string1726
1727,string1727
1728,string1728
1729,string1729
1730,string1730
1731,string1731
1732,string1732
1733,string1733
1734,string1734
1735,string1735
1736,string1736
1737,string1737
1738,string1738
1739,string1739
1740,string1740
1741,string1741
1742,string1742
1743,string1743
1744,string1744
1745,string1745
1746,string1746
1747,string1747
1748,string1748
1749,string1749
1750,string1750
1751,string1751
1752,string1752
1753,string1753
1754,string1754
1755,string1755
1756,string1756
1757,string1757
1758,string1758
1759,string1759
1760,string1760
1761,string1761
1762,string1762
1763,string1763
1764,string1764
1765,string1765
1766,string1766
1767,string1767
1768,string1768
1769,string1769
1770,string1770
1771,string1771
1772,string1772
1773,string1773
1774,string1774
1775,string1775
1776,string1776
1777,string1777
1778,string1778
1779,string1779
1780,string1780
1781,string1781
1782,string1782
1783,string1783
1784,string1784
1785,string1785
1786,string1786
1787,string1787
1788,string1788
1789,string1789
1790,string1790
1791,string1791
1792,string1792
1793,string1793
1794,string1794
1795,string1795
1796,string1796
1797,string1797
1798,string1798
1799,string1799
1800,string1800
1801,string1801
1802,string1802
1803,string1803
1804,string1804
1805,string1805
1806,string1806
1807,string1807
1808,string1808
1809,string1809
1810,string1810
1811,string1811
1812,string1812
1813,string1813
1814,string1814
1815,string1815
1816,string1816
1817,string1817
1818,string1818
1819,string1819
1820,string1820
1821,string1821
1822,string1822
1823,string1823
1824,string1824
1825,string1825
1826,string1826
1827,string1827
1828,string1828
1829,string1829
1830,string1830
1831,string1831
1832,string1832
1833,string1833
1834,string1834
1835,string1835
1836,string1836
1837,string1837
1838,string1838
1839,string1839
1840,string1840
1841,string1841
1842,string1842
1843,string1843
1844,string1844
1845,string1845
1846,string1846
1847,string1847
1848,string1848
1849,string1849
1850,string1850
1851,string1851
1852,string1852
1853,string1853
1854,string1854
1855,string1855
1856,string1856
1857,string1857
1858,string1858
1859,string1859
1860,string1860
1861,string1861
1862,string1862
1863,string1863
1864,string1864
1865,string1865
1866,string1866
1867,string1867
1868,string1868
1869,string1869
1870,string1870
1871,string1871
1872,string1872
1873,string1873
1874,string1874
1875,string1875
1876,string1876
1877,string1877
1878,string1878
1879,string1879
1880,string1880
1881,string1881
1882,string1882
1883,string1883
1884,string1884
1885,string1885
1886,string1886
1887,string1887
1888,string1888
1889,string1889
1890,string1890
1891,string1891
1892,string1892
1893,string1893
1894,string1894
1895,string1895
1896,string1896
1897,string1897
1898,string1898
1899,string1899
1900,string1900
1901,string1901
1902,string1902
1903,string1903
1904,string1904
1905,string1905
1906,string1906
1907,string1907
1908,string1908
1909,string1909
1910,string1910
1911,string1911
1912,string1912
1913,string1913
1914,string1914
1915,string1915
1916,string1916
1917,string1917
1918,string1918
1919,string1919
1920,string1920
1921,string1921
1922,string1922
1923,string1923
1924,string1924
1925,string1925
1926,string1926
1927,string1927
1928,string1928
1929,string1929
1930,string1930
1931,string1931
1932,string1932
1933,string1933
1934,string1934
1935,string1935
1936,string1936
1937,string1937
1938,string1938
1939,string1939
1940,string1940
1941,string1941
1942,string1942
1943,string1943
1944,string1944
1945,string1945
1946,string1946
1947,string1947
1948,string1948
1949,string1949
1950,string1950
1951,string1951
1952,string1952
1953,string1953
1954,string1954
1955,string1955
1956,string1956
1957,string1957
1958,string1958
1959,string1959
1960,string1960
1961,string1961
1962,string1962
1963,string1963
1964,string1964
1965,string1965
1966,string1966
1967,string1967
1968,string1968
1969,string1969
1970,string1970
1971,string1971
1972,string1972
1973,string1973
1974,string1974
1975,string1975
1976,string1976
1977,string1977
1978,string1978
1979,string1979
1980,string1980
1981,string1981
1982,string1982
1983,string1983
1984,string1984
1985,string1985
1986,string1986
1987,string1987
1988,string1988
1989,string1989
1990,string1990
1991,string1991
1992,string1992
1993,string1993
1994,string1994
1995,string1995
1996,string1996
1997,string1997
1998,string1998
1999,string1999
2000,string2000
